<keymap version="1" name="macOS copy" parent="Mac OS X 10.5+">
  <action id="ActivateProjectToolWindow">
    <keyboard-shortcut first-keystroke="meta b" />
  </action>
  <action id="ChangesView.Diff" />
  <action id="CommentByLineComment">
    <keyboard-shortcut first-keystroke="meta slash" />
    <keyboard-shortcut first-keystroke="meta divide" />
    <keyboard-shortcut first-keystroke="shift meta colon" />
  </action>
  <action id="CompareTwoFiles" />
  <action id="Console.TableResult.CloneRow" />
  <action id="Console.TableResult.CompareCells" />
  <action id="Console.TableResult.Reload" />
  <action id="DatabaseView.CopyAction" />
  <action id="DatabaseView.Refresh" />
  <action id="Diff.ShowDiff" />
  <action id="Diff.ShowSettingsPopup" />
  <action id="EditorDuplicate" />
  <action id="EditorDuplicateLines">
    <keyboard-shortcut first-keystroke="shift meta d" />
  </action>
  <action id="FileChooser.GotoDesktop" />
  <action id="FileChooser.TogglePathShowing" />
  <action id="FileStructurePopup">
    <keyboard-shortcut first-keystroke="meta r" />
  </action>
  <action id="GotoDeclaration">
    <mouse-shortcut keystroke="meta button1" />
    <mouse-shortcut keystroke="button2" />
  </action>
  <action id="GotoFile">
    <keyboard-shortcut first-keystroke="meta p" />
  </action>
  <action id="GotoRelated" />
  <action id="Jdbc.OpenEditor.DDL">
    <mouse-shortcut keystroke="meta button1" />
    <mouse-shortcut keystroke="button2" />
  </action>
  <action id="MoveLineDown">
    <keyboard-shortcut first-keystroke="ctrl meta down" />
  </action>
  <action id="MoveLineUp">
    <keyboard-shortcut first-keystroke="ctrl meta up" />
  </action>
  <action id="MoveStatementDown" />
  <action id="MoveStatementUp" />
  <action id="NewFile">
    <keyboard-shortcut first-keystroke="shift meta n" />
  </action>
  <action id="NewScratchFile" />
  <action id="ParameterInfo" />
  <action id="Refresh" />
  <action id="Replace" />
  <action id="Rerun" />
  <action id="RunDashboard.CopyConfiguration" />
  <action id="SelectNextOccurrence">
    <keyboard-shortcut first-keystroke="meta d" />
  </action>
  <action id="SendEOF" />
  <action id="Vcs.Log.Refresh" />
  <action id="XDebugger.CopyWatch" />
  <action id="openAssertEqualsDiff" />
  <action id="org.jetbrains.plugins.ruby.rails.console.ReloadSources" />
</keymap>