<application>
  <component name="ApplicationTasksOptions">
    <global-watchers>
      <TaskOptions>
        <option name="arguments" value="--fix $FilePath$" />
        <option name="checkSyntaxErrors" value="true" />
        <option name="description" />
        <option name="exitCodeBehavior" value="ERROR" />
        <option name="fileExtension" value="vue" />
        <option name="immediateSync" value="false" />
        <option name="name" value="ESLint Vue" />
        <option name="output" value="$FileDir$" />
        <option name="outputFilters">
          <array />
        </option>
        <option name="outputFromStdout" value="false" />
        <option name="program" value="$ProjectFileDir$/node_modules/.bin/eslint" />
        <option name="runOnExternalChanges" value="true" />
        <option name="scopeName" value="All Places" />
        <option name="trackOnlyRoot" value="false" />
        <option name="workingDir" value="" />
        <envs />
      </TaskOptions>
      <TaskOptions>
        <option name="arguments" value="--fix $FilePath$" />
        <option name="checkSyntaxErrors" value="true" />
        <option name="description" />
        <option name="exitCodeBehavior" value="ERROR" />
        <option name="fileExtension" value="js" />
        <option name="immediateSync" value="false" />
        <option name="name" value="ESLint" />
        <option name="output" value="$FileDir$" />
        <option name="outputFilters">
          <array />
        </option>
        <option name="outputFromStdout" value="false" />
        <option name="program" value="$ProjectFileDir$/node_modules/.bin/eslint" />
        <option name="runOnExternalChanges" value="true" />
        <option name="scopeName" value="Project Files" />
        <option name="trackOnlyRoot" value="false" />
        <option name="workingDir" value="$ProjectFileDir$" />
        <envs />
      </TaskOptions>
    </global-watchers>
  </component>
</application>